L Keywords,R Keywords
liberty,Freedom
equality,Liberty
democracy,Individual rights
peace,Personal responsibility
human rights,Limited government
civial liberty,Free speech
justice,Second Amendment
living wage,Traditional family values
guaranteed income,Judeo-Christian values
fetus,Faith
Equality,Morality
Equity,Patriotism
Diversity,Nationalism
Inclusion,Law and order
Social justice,Respect for authority
Civil rights,Free market
Human rights,Capitalism
Gender equality,Economic freedom
Racial equality,Limited regulation
LGBTQ+ rights,Lower taxes
Climate change,Entrepreneurship
Environmental protection,Small government
Sustainability,Fiscal responsibility
Renewable energy,Pro-life
Conservation,Pro-gun
Eco-friendly,Border security
Welfare,Immigration enforcement
Social welfare programs,Lower government spending
Universal healthcare,Lower taxes
Progressive taxation,School choice
Public education,Traditional education
Labor rights,Limited government
Workers' rights,States' rights
Economic justice,Anti-socialism
Universal basic income (UBI),Anti-regulation
Free college tuition,Anti-welfare
Gun control,Anti-taxation
Immigration reform,Anti-political correctness
Criminal justice reform,National security
Affordable housing,Military strength
Paid family leave,Defense spending
Gender pay gap,Strong borders
Anti-capitalism,Counterterrorism
Anti-imperialism,Support for law enforcement
Anti-war,Trump
Grassroots movements,
Activism,
Political reform,
Systemic change,
liberal,
progressive,
democrat,
diversity,